Classifier,Dataset,MAX MCC value,MAX MCC sample size,MAX MCC number of features,MAX MCC energy consumed,CP MCC value,CP MCC sample size,CP MCC number of features,CP MCC energy consumed
RF,IoTID20,0.99965,80.0,57,45938.214225145464,0.99561,10.0,73,3898.056902481009
DT,IoTID20,0.99957,90.0,82,5678.70988577927,0.99442,10.0,73,365.1792414921473
AdaBoost,IoTID20,1.0,10.0,65,4009.6121319533772,1.0,10.0,65,4009.6121319533772
LogReg,IoTID20,0.83548,100.0,82,46066.440881300725,0.82389,10.0,82,1995.8514129638982
Ridge,IoTID20,0.52176,10.0,82,78.41550215846887,0.52176,10.0,82,78.41550215846887
